block,condition,seed,family,n_agents,n_tasks,staleness,mean_quality,completion_rate,stall_rate,infeasible_rate,integrity_violations,peak_per_node,coordinator_work
base,cta,0,domains,100,80,,0.844098,0.775,0.0,0.0,0,32,634
base,cta,1,domains,100,80,,0.869856,0.6875,0.0,0.0,0,32,635
base,cta,2,domains,100,80,,0.900681,0.8375,0.0,0.0,0,32,605
base,cta,3,domains,100,80,,0.891238,0.8125,0.0,0.0,0,32,630
base,cta,4,domains,100,80,,0.867365,0.7625,0.0,0.0,0,32,633
base,cta,5,domains,100,80,,0.857262,0.5875,0.0,0.0,0,32,641
base,cta,6,domains,100,80,,0.902156,0.7625,0.0125,0.0,0,32,631
base,cta,7,domains,100,80,,0.889368,0.8,0.0,0.0,0,32,626
base,cta,8,domains,100,80,,0.88135,0.7,0.0,0.0,0,32,660
base,cta,9,domains,100,80,,0.87608,0.75,0.0,0.0,0,32,641
base,cta,10,domains,100,80,,0.865958,0.8,0.0,0.0,0,32,635
base,cta,11,domains,100,80,,0.896146,0.8125,0.0,0.0,0,32,634
base,cta,12,domains,100,80,,0.870252,0.775,0.0,0.0,0,32,661
base,cta,13,domains,100,80,,0.87935,0.7125,0.0125,0.0,0,32,599
base,cta,14,domains,100,80,,0.872264,0.75,0.0125,0.0,0,32,675
base,cta,15,domains,100,80,,0.87341,0.85,0.0,0.0,0,32,646
base,cta,16,domains,100,80,,0.890889,0.8125,0.0,0.0,0,32,661
base,cta,17,domains,100,80,,0.879615,0.825,0.0,0.0,0,32,681
base,cta,18,domains,100,80,,0.878861,0.875,0.0,0.0,0,32,658
base,cta,19,domains,100,80,,0.894785,0.775,0.0,0.0,0,32,645
base,pull_based,0,domains,100,80,,0.844207,0.775,0.0,0.0,0,55,3200
base,pull_based,1,domains,100,80,,0.864103,0.6625,0.0,0.0,0,53,3200
base,pull_based,2,domains,100,80,,0.888507,0.8625,0.0,0.0,0,51,3200
base,pull_based,3,domains,100,80,,0.886123,0.8125,0.0,0.0,0,53,3200
base,pull_based,4,domains,100,80,,0.869755,0.725,0.0,0.0,0,55,3200
base,pull_based,5,domains,100,80,,0.850416,0.625,0.0,0.0,0,52,3200
base,pull_based,6,domains,100,80,,0.905211,0.75,0.0,0.0,0,53,3200
base,pull_based,7,domains,100,80,,0.888909,0.8125,0.0,0.0,0,57,3200
base,pull_based,8,domains,100,80,,0.892328,0.7,0.0,0.0,0,50,3200
base,pull_based,9,domains,100,80,,0.867896,0.7625,0.0,0.0,0,52,3200
base,pull_based,10,domains,100,80,,0.865796,0.825,0.0,0.0,0,52,3200
base,pull_based,11,domains,100,80,,0.901798,0.7875,0.0,0.0,0,53,3200
base,pull_based,12,domains,100,80,,0.89769,0.7125,0.0,0.0,0,54,3200
base,pull_based,13,domains,100,80,,0.876722,0.725,0.0,0.0,0,52,3200
base,pull_based,14,domains,100,80,,0.883251,0.725,0.0,0.0,0,57,3200
base,pull_based,15,domains,100,80,,0.87341,0.85,0.0,0.0,0,54,3200
base,pull_based,16,domains,100,80,,0.888809,0.85,0.0,0.0,0,49,3200
base,pull_based,17,domains,100,80,,0.880884,0.85,0.0,0.0,0,53,3200
base,pull_based,18,domains,100,80,,0.878861,0.875,0.0,0.0,0,55,3200
base,pull_based,19,domains,100,80,,0.896597,0.8125,0.0,0.0,0,53,3200
base,central_greedy,0,domains,100,80,,0.739083,0.0,0.0,0.0,0,8000,8000
base,central_greedy,1,domains,100,80,,0.695393,0.0,0.0,0.0,0,8000,8000
base,central_greedy,2,domains,100,80,,0.701057,0.0,0.0,0.0,0,8000,8000
base,central_greedy,3,domains,100,80,,0.734648,0.0,0.0,0.0,0,8000,8000
base,central_greedy,4,domains,100,80,,0.801994,0.0,0.0,0.0,0,8000,8000
base,central_greedy,5,domains,100,80,,0.718652,0.0,0.0,0.0,0,8000,8000
base,central_greedy,6,domains,100,80,,0.713699,0.0,0.0,0.0,0,8000,8000
base,central_greedy,7,domains,100,80,,0.730501,0.0,0.0,0.0,0,8000,8000
base,central_greedy,8,domains,100,80,,0.74587,0.0,0.0,0.0,0,8000,8000
base,central_greedy,9,domains,100,80,,0.759897,0.0,0.0,0.0,0,8000,8000
base,central_greedy,10,domains,100,80,,0.700379,0.0,0.0,0.0,0,8000,8000
base,central_greedy,11,domains,100,80,,0.773246,0.0,0.0,0.0,0,8000,8000
base,central_greedy,12,domains,100,80,,0.780412,0.0,0.0,0.0,0,8000,8000
base,central_greedy,13,domains,100,80,,0.685337,0.0,0.0,0.0,0,8000,8000
base,central_greedy,14,domains,100,80,,0.74936,0.0,0.0,0.0,0,8000,8000
base,central_greedy,15,domains,100,80,,0.747101,0.0,0.0,0.0,0,8000,8000
base,central_greedy,16,domains,100,80,,0.79321,0.0,0.0,0.0,0,8000,8000
base,central_greedy,17,domains,100,80,,0.762346,0.0,0.0,0.0,0,8000,8000
base,central_greedy,18,domains,100,80,,0.779765,0.0,0.0,0.0,0,8000,8000
base,central_greedy,19,domains,100,80,,0.779994,0.0,0.0,0.0,0,8000,8000
base,central_optimal,0,domains,100,80,,0.739083,0.0,0.0,0.0,0,8000,8000
base,central_optimal,1,domains,100,80,,0.695393,0.0,0.0,0.0,0,8000,8000
base,central_optimal,2,domains,100,80,,0.701057,0.0,0.0,0.0,0,8000,8000
base,central_optimal,3,domains,100,80,,0.734648,0.0,0.0,0.0,0,8000,8000
base,central_optimal,4,domains,100,80,,0.801994,0.0,0.0,0.0,0,8000,8000
base,central_optimal,5,domains,100,80,,0.718652,0.0,0.0,0.0,0,8000,8000
base,central_optimal,6,domains,100,80,,0.713699,0.0,0.0,0.0,0,8000,8000
base,central_optimal,7,domains,100,80,,0.730501,0.0,0.0,0.0,0,8000,8000
base,central_optimal,8,domains,100,80,,0.74587,0.0,0.0,0.0,0,8000,8000
base,central_optimal,9,domains,100,80,,0.759897,0.0,0.0,0.0,0,8000,8000
base,central_optimal,10,domains,100,80,,0.700379,0.0,0.0,0.0,0,8000,8000
base,central_optimal,11,domains,100,80,,0.773246,0.0,0.0,0.0,0,8000,8000
base,central_optimal,12,domains,100,80,,0.780412,0.0,0.0,0.0,0,8000,8000
base,central_optimal,13,domains,100,80,,0.685337,0.0,0.0,0.0,0,8000,8000
base,central_optimal,14,domains,100,80,,0.74936,0.0,0.0,0.0,0,8000,8000
base,central_optimal,15,domains,100,80,,0.747101,0.0,0.0,0.0,0,8000,8000
base,central_optimal,16,domains,100,80,,0.79321,0.0,0.0,0.0,0,8000,8000
base,central_optimal,17,domains,100,80,,0.762346,0.0,0.0,0.0,0,8000,8000
base,central_optimal,18,domains,100,80,,0.779765,0.0,0.0,0.0,0,8000,8000
base,central_optimal,19,domains,100,80,,0.779994,0.0,0.0,0.0,0,8000,8000
base,central_best,0,domains,100,80,,0.927675,0.0,0.0,0.0,0,8000,8000
base,central_best,1,domains,100,80,,0.934758,0.0,0.0,0.0,0,8000,8000
base,central_best,2,domains,100,80,,0.951238,0.0,0.0,0.0,0,8000,8000
base,central_best,3,domains,100,80,,0.945417,0.0,0.0,0.0,0,8000,8000
base,central_best,4,domains,100,80,,0.961962,0.0,0.0,0.0,0,8000,8000
base,central_best,5,domains,100,80,,0.930046,0.0,0.0,0.0,0,8000,8000
base,central_best,6,domains,100,80,,0.925531,0.0,0.0,0.0,0,8000,8000
base,central_best,7,domains,100,80,,0.942217,0.0,0.0,0.0,0,8000,8000
base,central_best,8,domains,100,80,,0.939633,0.0,0.0,0.0,0,8000,8000
base,central_best,9,domains,100,80,,0.95037,0.0,0.0,0.0,0,8000,8000
base,central_best,10,domains,100,80,,0.93249,0.0,0.0,0.0,0,8000,8000
base,central_best,11,domains,100,80,,0.94503,0.0,0.0,0.0,0,8000,8000
base,central_best,12,domains,100,80,,0.945975,0.0,0.0,0.0,0,8000,8000
base,central_best,13,domains,100,80,,0.93794,0.0,0.0,0.0,0,8000,8000
base,central_best,14,domains,100,80,,0.947957,0.0,0.0,0.0,0,8000,8000
base,central_best,15,domains,100,80,,0.935015,0.0,0.0,0.0,0,8000,8000
base,central_best,16,domains,100,80,,0.958001,0.0,0.0,0.0,0,8000,8000
base,central_best,17,domains,100,80,,0.936136,0.0,0.0,0.0,0,8000,8000
base,central_best,18,domains,100,80,,0.950534,0.0,0.0,0.0,0,8000,8000
base,central_best,19,domains,100,80,,0.947532,0.0,0.0,0.0,0,8000,8000
base,central_bounded,0,domains,100,80,0.0,0.894445,0.0,0.0,0.0,0,8000,8000
base,central_bounded,1,domains,100,80,0.0,0.919583,0.0,0.0,0.0,0,8000,8000
base,central_bounded,2,domains,100,80,0.0,0.921532,0.0,0.0,0.0,0,8000,8000
base,central_bounded,3,domains,100,80,0.0,0.90544,0.0,0.0,0.0,0,8000,8000
base,central_bounded,4,domains,100,80,0.0,0.896678,0.0,0.0,0.0,0,8000,8000
base,central_bounded,5,domains,100,80,0.0,0.939039,0.0,0.0,0.0,0,8000,8000
base,central_bounded,6,domains,100,80,0.0,0.929718,0.0,0.0,0.0,0,8000,8000
base,central_bounded,7,domains,100,80,0.0,0.945255,0.0,0.0,0.0,0,8000,8000
base,central_bounded,8,domains,100,80,0.0,0.923528,0.0,0.0,0.0,0,8000,8000
base,central_bounded,9,domains,100,80,0.0,0.955164,0.0,0.0,0.0,0,8000,8000
base,central_bounded,10,domains,100,80,0.0,0.876705,0.0,0.0,0.0,0,8000,8000
base,central_bounded,11,domains,100,80,0.0,0.919546,0.0,0.0,0.0,0,8000,8000
base,central_bounded,12,domains,100,80,0.0,0.942439,0.0,0.0,0.0,0,8000,8000
base,central_bounded,13,domains,100,80,0.0,0.889682,0.0,0.0,0.0,0,8000,8000
base,central_bounded,14,domains,100,80,0.0,0.90624,0.0,0.0,0.0,0,8000,8000
base,central_bounded,15,domains,100,80,0.0,0.941953,0.0,0.0,0.0,0,8000,8000
base,central_bounded,16,domains,100,80,0.0,0.946155,0.0,0.0,0.0,0,8000,8000
base,central_bounded,17,domains,100,80,0.0,0.926064,0.0,0.0,0.0,0,8000,8000
base,central_bounded,18,domains,100,80,0.0,0.924368,0.0,0.0,0.0,0,8000,8000
base,central_bounded,19,domains,100,80,0.0,0.935908,0.0,0.0,0.0,0,8000,8000
bounded_staleness,cta,0,domains,100,80,,0.870274,0.0,0.0,0.0,0,0,0
bounded_staleness,cta,1,domains,100,80,,0.881079,0.0,0.0,0.0,0,0,0
bounded_staleness,cta,2,domains,100,80,,0.89103,0.0,0.0,0.0,0,0,0
bounded_staleness,cta,3,domains,100,80,,0.873782,0.0,0.0,0.0,0,0,0
bounded_staleness,cta,4,domains,100,80,,0.868978,0.0,0.0,0.0,0,0,0
bounded_staleness,cta,5,domains,100,80,,0.865445,0.0,0.0,0.0,0,0,0
bounded_staleness,cta,6,domains,100,80,,0.885814,0.0,0.0,0.0,0,0,0
bounded_staleness,cta,7,domains,100,80,,0.898909,0.0,0.0,0.0,0,0,0
bounded_staleness,cta,8,domains,100,80,,0.912789,0.0,0.0,0.0,0,0,0
bounded_staleness,cta,9,domains,100,80,,0.839211,0.0,0.0,0.0,0,0,0
bounded_staleness,cta,10,domains,100,80,,0.854402,0.0,0.0,0.0,0,0,0
bounded_staleness,cta,11,domains,100,80,,0.903205,0.0,0.0,0.0,0,0,0
bounded_staleness,cta,12,domains,100,80,,0.842498,0.0,0.0,0.0,0,0,0
bounded_staleness,cta,13,domains,100,80,,0.882159,0.0,0.0,0.0,0,0,0
bounded_staleness,cta,14,domains,100,80,,0.893346,0.0,0.0,0.0,0,0,0
bounded_staleness,cta,15,domains,100,80,,0.861794,0.0,0.0,0.0,0,0,0
bounded_staleness,cta,16,domains,100,80,,0.884809,0.0,0.0,0.0,0,0,0
bounded_staleness,cta,17,domains,100,80,,0.870049,0.0,0.0,0.0,0,0,0
bounded_staleness,cta,18,domains,100,80,,0.89621,0.0,0.0,0.0,0,0,0
bounded_staleness,cta,19,domains,100,80,,0.893592,0.0,0.0,0.0,0,0,0
bounded_staleness,central_bounded,0,domains,100,80,0.0,0.916306,0.0,0.0,0.0,0,0,0
bounded_staleness,central_bounded,1,domains,100,80,0.0,0.905169,0.0,0.0,0.0,0,0,0
bounded_staleness,central_bounded,2,domains,100,80,0.0,0.929662,0.0,0.0,0.0,0,0,0
bounded_staleness,central_bounded,3,domains,100,80,0.0,0.90475,0.0,0.0,0.0,0,0,0
bounded_staleness,central_bounded,4,domains,100,80,0.0,0.916195,0.0,0.0,0.0,0,0,0
bounded_staleness,central_bounded,5,domains,100,80,0.0,0.904477,0.0,0.0,0.0,0,0,0
bounded_staleness,central_bounded,6,domains,100,80,0.0,0.898901,0.0,0.0,0.0,0,0,0
bounded_staleness,central_bounded,7,domains,100,80,0.0,0.893252,0.0,0.0,0.0,0,0,0
bounded_staleness,central_bounded,8,domains,100,80,0.0,0.909679,0.0,0.0,0.0,0,0,0
bounded_staleness,central_bounded,9,domains,100,80,0.0,0.929379,0.0,0.0,0.0,0,0,0
bounded_staleness,central_bounded,10,domains,100,80,0.0,0.907052,0.0,0.0,0.0,0,0,0
bounded_staleness,central_bounded,11,domains,100,80,0.0,0.919517,0.0,0.0,0.0,0,0,0
bounded_staleness,central_bounded,12,domains,100,80,0.0,0.90583,0.0,0.0,0.0,0,0,0
bounded_staleness,central_bounded,13,domains,100,80,0.0,0.889189,0.0,0.0,0.0,0,0,0
bounded_staleness,central_bounded,14,domains,100,80,0.0,0.912472,0.0,0.0,0.0,0,0,0
bounded_staleness,central_bounded,15,domains,100,80,0.0,0.915308,0.0,0.0,0.0,0,0,0
bounded_staleness,central_bounded,16,domains,100,80,0.0,0.933571,0.0,0.0,0.0,0,0,0
bounded_staleness,central_bounded,17,domains,100,80,0.0,0.937024,0.0,0.0,0.0,0,0,0
bounded_staleness,central_bounded,18,domains,100,80,0.0,0.950195,0.0,0.0,0.0,0,0,0
bounded_staleness,central_bounded,19,domains,100,80,0.0,0.927691,0.0,0.0,0.0,0,0,0
bounded_staleness,cta,0,domains,100,80,,0.870274,0.0,0.0,0.0,0,0,0
bounded_staleness,cta,1,domains,100,80,,0.881079,0.0,0.0,0.0,0,0,0
bounded_staleness,cta,2,domains,100,80,,0.89103,0.0,0.0,0.0,0,0,0
bounded_staleness,cta,3,domains,100,80,,0.873782,0.0,0.0,0.0,0,0,0
bounded_staleness,cta,4,domains,100,80,,0.868978,0.0,0.0,0.0,0,0,0
bounded_staleness,cta,5,domains,100,80,,0.865445,0.0,0.0,0.0,0,0,0
bounded_staleness,cta,6,domains,100,80,,0.885814,0.0,0.0,0.0,0,0,0
bounded_staleness,cta,7,domains,100,80,,0.898909,0.0,0.0,0.0,0,0,0
bounded_staleness,cta,8,domains,100,80,,0.912789,0.0,0.0,0.0,0,0,0
bounded_staleness,cta,9,domains,100,80,,0.839211,0.0,0.0,0.0,0,0,0
bounded_staleness,cta,10,domains,100,80,,0.854402,0.0,0.0,0.0,0,0,0
bounded_staleness,cta,11,domains,100,80,,0.903205,0.0,0.0,0.0,0,0,0
bounded_staleness,cta,12,domains,100,80,,0.842498,0.0,0.0,0.0,0,0,0
bounded_staleness,cta,13,domains,100,80,,0.882159,0.0,0.0,0.0,0,0,0
bounded_staleness,cta,14,domains,100,80,,0.893346,0.0,0.0,0.0,0,0,0
bounded_staleness,cta,15,domains,100,80,,0.861794,0.0,0.0,0.0,0,0,0
bounded_staleness,cta,16,domains,100,80,,0.884809,0.0,0.0,0.0,0,0,0
bounded_staleness,cta,17,domains,100,80,,0.870049,0.0,0.0,0.0,0,0,0
bounded_staleness,cta,18,domains,100,80,,0.89621,0.0,0.0,0.0,0,0,0
bounded_staleness,cta,19,domains,100,80,,0.893592,0.0,0.0,0.0,0,0,0
bounded_staleness,central_bounded,0,domains,100,80,0.25,0.876172,0.0,0.0,0.0,0,0,0
bounded_staleness,central_bounded,1,domains,100,80,0.25,0.850115,0.0,0.0,0.0,0,0,0
bounded_staleness,central_bounded,2,domains,100,80,0.25,0.920953,0.0,0.0,0.0,0,0,0
bounded_staleness,central_bounded,3,domains,100,80,0.25,0.876884,0.0,0.0,0.0,0,0,0
bounded_staleness,central_bounded,4,domains,100,80,0.25,0.91749,0.0,0.0,0.0,0,0,0
bounded_staleness,central_bounded,5,domains,100,80,0.25,0.900538,0.0,0.0,0.0,0,0,0
bounded_staleness,central_bounded,6,domains,100,80,0.25,0.868394,0.0,0.0,0.0,0,0,0
bounded_staleness,central_bounded,7,domains,100,80,0.25,0.886484,0.0,0.0,0.0,0,0,0
bounded_staleness,central_bounded,8,domains,100,80,0.25,0.903566,0.0,0.0,0.0,0,0,0
bounded_staleness,central_bounded,9,domains,100,80,0.25,0.897683,0.0,0.0,0.0,0,0,0
bounded_staleness,central_bounded,10,domains,100,80,0.25,0.902536,0.0,0.0,0.0,0,0,0
bounded_staleness,central_bounded,11,domains,100,80,0.25,0.925779,0.0,0.0,0.0,0,0,0
bounded_staleness,central_bounded,12,domains,100,80,0.25,0.88502,0.0,0.0,0.0,0,0,0
bounded_staleness,central_bounded,13,domains,100,80,0.25,0.832787,0.0,0.0,0.0,0,0,0
bounded_staleness,central_bounded,14,domains,100,80,0.25,0.912632,0.0,0.0,0.0,0,0,0
bounded_staleness,central_bounded,15,domains,100,80,0.25,0.899303,0.0,0.0,0.0,0,0,0
bounded_staleness,central_bounded,16,domains,100,80,0.25,0.926227,0.0,0.0,0.0,0,0,0
bounded_staleness,central_bounded,17,domains,100,80,0.25,0.939544,0.0,0.0,0.0,0,0,0
bounded_staleness,central_bounded,18,domains,100,80,0.25,0.927407,0.0,0.0,0.0,0,0,0
bounded_staleness,central_bounded,19,domains,100,80,0.25,0.910101,0.0,0.0,0.0,0,0,0
bounded_staleness,cta,0,domains,100,80,,0.870274,0.0,0.0,0.0,0,0,0
bounded_staleness,cta,1,domains,100,80,,0.881079,0.0,0.0,0.0,0,0,0
bounded_staleness,cta,2,domains,100,80,,0.89103,0.0,0.0,0.0,0,0,0
bounded_staleness,cta,3,domains,100,80,,0.873782,0.0,0.0,0.0,0,0,0
bounded_staleness,cta,4,domains,100,80,,0.868978,0.0,0.0,0.0,0,0,0
bounded_staleness,cta,5,domains,100,80,,0.865445,0.0,0.0,0.0,0,0,0
bounded_staleness,cta,6,domains,100,80,,0.885814,0.0,0.0,0.0,0,0,0
bounded_staleness,cta,7,domains,100,80,,0.898909,0.0,0.0,0.0,0,0,0
bounded_staleness,cta,8,domains,100,80,,0.912789,0.0,0.0,0.0,0,0,0
bounded_staleness,cta,9,domains,100,80,,0.839211,0.0,0.0,0.0,0,0,0
bounded_staleness,cta,10,domains,100,80,,0.854402,0.0,0.0,0.0,0,0,0
bounded_staleness,cta,11,domains,100,80,,0.903205,0.0,0.0,0.0,0,0,0
bounded_staleness,cta,12,domains,100,80,,0.842498,0.0,0.0,0.0,0,0,0
bounded_staleness,cta,13,domains,100,80,,0.882159,0.0,0.0,0.0,0,0,0
bounded_staleness,cta,14,domains,100,80,,0.893346,0.0,0.0,0.0,0,0,0
bounded_staleness,cta,15,domains,100,80,,0.861794,0.0,0.0,0.0,0,0,0
bounded_staleness,cta,16,domains,100,80,,0.884809,0.0,0.0,0.0,0,0,0
bounded_staleness,cta,17,domains,100,80,,0.870049,0.0,0.0,0.0,0,0,0
bounded_staleness,cta,18,domains,100,80,,0.89621,0.0,0.0,0.0,0,0,0
bounded_staleness,cta,19,domains,100,80,,0.893592,0.0,0.0,0.0,0,0,0
bounded_staleness,central_bounded,0,domains,100,80,0.5,0.859055,0.0,0.0,0.0,0,0,0
bounded_staleness,central_bounded,1,domains,100,80,0.5,0.841598,0.0,0.0,0.0,0,0,0
bounded_staleness,central_bounded,2,domains,100,80,0.5,0.815586,0.0,0.0,0.0,0,0,0
bounded_staleness,central_bounded,3,domains,100,80,0.5,0.832974,0.0,0.0,0.0,0,0,0
bounded_staleness,central_bounded,4,domains,100,80,0.5,0.83285,0.0,0.0,0.0,0,0,0
bounded_staleness,central_bounded,5,domains,100,80,0.5,0.773755,0.0,0.0,0.0,0,0,0
bounded_staleness,central_bounded,6,domains,100,80,0.5,0.783211,0.0,0.0,0.0,0,0,0
bounded_staleness,central_bounded,7,domains,100,80,0.5,0.829857,0.0,0.0,0.0,0,0,0
bounded_staleness,central_bounded,8,domains,100,80,0.5,0.875255,0.0,0.0,0.0,0,0,0
bounded_staleness,central_bounded,9,domains,100,80,0.5,0.837225,0.0,0.0,0.0,0,0,0
bounded_staleness,central_bounded,10,domains,100,80,0.5,0.872405,0.0,0.0,0.0,0,0,0
bounded_staleness,central_bounded,11,domains,100,80,0.5,0.842267,0.0,0.0,0.0,0,0,0
bounded_staleness,central_bounded,12,domains,100,80,0.5,0.862015,0.0,0.0,0.0,0,0,0
bounded_staleness,central_bounded,13,domains,100,80,0.5,0.744921,0.0,0.0,0.0,0,0,0
bounded_staleness,central_bounded,14,domains,100,80,0.5,0.859712,0.0,0.0,0.0,0,0,0
bounded_staleness,central_bounded,15,domains,100,80,0.5,0.859285,0.0,0.0,0.0,0,0,0
bounded_staleness,central_bounded,16,domains,100,80,0.5,0.912875,0.0,0.0,0.0,0,0,0
bounded_staleness,central_bounded,17,domains,100,80,0.5,0.895536,0.0,0.0,0.0,0,0,0
bounded_staleness,central_bounded,18,domains,100,80,0.5,0.879636,0.0,0.0,0.0,0,0,0
bounded_staleness,central_bounded,19,domains,100,80,0.5,0.889991,0.0,0.0,0.0,0,0,0
bounded_staleness,cta,0,domains,100,80,,0.870274,0.0,0.0,0.0,0,0,0
bounded_staleness,cta,1,domains,100,80,,0.881079,0.0,0.0,0.0,0,0,0
bounded_staleness,cta,2,domains,100,80,,0.89103,0.0,0.0,0.0,0,0,0
bounded_staleness,cta,3,domains,100,80,,0.873782,0.0,0.0,0.0,0,0,0
bounded_staleness,cta,4,domains,100,80,,0.868978,0.0,0.0,0.0,0,0,0
bounded_staleness,cta,5,domains,100,80,,0.865445,0.0,0.0,0.0,0,0,0
bounded_staleness,cta,6,domains,100,80,,0.885814,0.0,0.0,0.0,0,0,0
bounded_staleness,cta,7,domains,100,80,,0.898909,0.0,0.0,0.0,0,0,0
bounded_staleness,cta,8,domains,100,80,,0.912789,0.0,0.0,0.0,0,0,0
bounded_staleness,cta,9,domains,100,80,,0.839211,0.0,0.0,0.0,0,0,0
bounded_staleness,cta,10,domains,100,80,,0.854402,0.0,0.0,0.0,0,0,0
bounded_staleness,cta,11,domains,100,80,,0.903205,0.0,0.0,0.0,0,0,0
bounded_staleness,cta,12,domains,100,80,,0.842498,0.0,0.0,0.0,0,0,0
bounded_staleness,cta,13,domains,100,80,,0.882159,0.0,0.0,0.0,0,0,0
bounded_staleness,cta,14,domains,100,80,,0.893346,0.0,0.0,0.0,0,0,0
bounded_staleness,cta,15,domains,100,80,,0.861794,0.0,0.0,0.0,0,0,0
bounded_staleness,cta,16,domains,100,80,,0.884809,0.0,0.0,0.0,0,0,0
bounded_staleness,cta,17,domains,100,80,,0.870049,0.0,0.0,0.0,0,0,0
bounded_staleness,cta,18,domains,100,80,,0.89621,0.0,0.0,0.0,0,0,0
bounded_staleness,cta,19,domains,100,80,,0.893592,0.0,0.0,0.0,0,0,0
bounded_staleness,central_bounded,0,domains,100,80,0.75,0.760746,0.0,0.0,0.0,0,0,0
bounded_staleness,central_bounded,1,domains,100,80,0.75,0.79115,0.0,0.0,0.0,0,0,0
bounded_staleness,central_bounded,2,domains,100,80,0.75,0.671229,0.0,0.0,0.0,0,0,0
bounded_staleness,central_bounded,3,domains,100,80,0.75,0.798278,0.0,0.0,0.0,0,0,0
bounded_staleness,central_bounded,4,domains,100,80,0.75,0.839134,0.0,0.0,0.0,0,0,0
bounded_staleness,central_bounded,5,domains,100,80,0.75,0.618096,0.0,0.0,0.0,0,0,0
bounded_staleness,central_bounded,6,domains,100,80,0.75,0.76667,0.0,0.0,0.0,0,0,0
bounded_staleness,central_bounded,7,domains,100,80,0.75,0.625813,0.0,0.0,0.0,0,0,0
bounded_staleness,central_bounded,8,domains,100,80,0.75,0.731979,0.0,0.0,0.0,0,0,0
bounded_staleness,central_bounded,9,domains,100,80,0.75,0.788446,0.0,0.0,0.0,0,0,0
bounded_staleness,central_bounded,10,domains,100,80,0.75,0.693718,0.0,0.0,0.0,0,0,0
bounded_staleness,central_bounded,11,domains,100,80,0.75,0.737151,0.0,0.0,0.0,0,0,0
bounded_staleness,central_bounded,12,domains,100,80,0.75,0.716496,0.0,0.0,0.0,0,0,0
bounded_staleness,central_bounded,13,domains,100,80,0.75,0.739093,0.0,0.0,0.0,0,0,0
bounded_staleness,central_bounded,14,domains,100,80,0.75,0.558732,0.0,0.0,0.0,0,0,0
bounded_staleness,central_bounded,15,domains,100,80,0.75,0.687331,0.0,0.0,0.0,0,0,0
bounded_staleness,central_bounded,16,domains,100,80,0.75,0.836159,0.0,0.0,0.0,0,0,0
bounded_staleness,central_bounded,17,domains,100,80,0.75,0.78219,0.0,0.0,0.0,0,0,0
bounded_staleness,central_bounded,18,domains,100,80,0.75,0.643797,0.0,0.0,0.0,0,0,0
bounded_staleness,central_bounded,19,domains,100,80,0.75,0.871558,0.0,0.0,0.0,0,0,0
bounded_staleness,cta,0,domains,100,80,,0.870274,0.0,0.0,0.0,0,0,0
bounded_staleness,cta,1,domains,100,80,,0.881079,0.0,0.0,0.0,0,0,0
bounded_staleness,cta,2,domains,100,80,,0.89103,0.0,0.0,0.0,0,0,0
bounded_staleness,cta,3,domains,100,80,,0.873782,0.0,0.0,0.0,0,0,0
bounded_staleness,cta,4,domains,100,80,,0.868978,0.0,0.0,0.0,0,0,0
bounded_staleness,cta,5,domains,100,80,,0.865445,0.0,0.0,0.0,0,0,0
bounded_staleness,cta,6,domains,100,80,,0.885814,0.0,0.0,0.0,0,0,0
bounded_staleness,cta,7,domains,100,80,,0.898909,0.0,0.0,0.0,0,0,0
bounded_staleness,cta,8,domains,100,80,,0.912789,0.0,0.0,0.0,0,0,0
bounded_staleness,cta,9,domains,100,80,,0.839211,0.0,0.0,0.0,0,0,0
bounded_staleness,cta,10,domains,100,80,,0.854402,0.0,0.0,0.0,0,0,0
bounded_staleness,cta,11,domains,100,80,,0.903205,0.0,0.0,0.0,0,0,0
bounded_staleness,cta,12,domains,100,80,,0.842498,0.0,0.0,0.0,0,0,0
bounded_staleness,cta,13,domains,100,80,,0.882159,0.0,0.0,0.0,0,0,0
bounded_staleness,cta,14,domains,100,80,,0.893346,0.0,0.0,0.0,0,0,0
bounded_staleness,cta,15,domains,100,80,,0.861794,0.0,0.0,0.0,0,0,0
bounded_staleness,cta,16,domains,100,80,,0.884809,0.0,0.0,0.0,0,0,0
bounded_staleness,cta,17,domains,100,80,,0.870049,0.0,0.0,0.0,0,0,0
bounded_staleness,cta,18,domains,100,80,,0.89621,0.0,0.0,0.0,0,0,0
bounded_staleness,cta,19,domains,100,80,,0.893592,0.0,0.0,0.0,0,0,0
bounded_staleness,central_bounded,0,domains,100,80,1.0,0.592806,0.0,0.0,0.0,0,0,0
bounded_staleness,central_bounded,1,domains,100,80,1.0,0.462724,0.0,0.0,0.0,0,0,0
bounded_staleness,central_bounded,2,domains,100,80,1.0,0.582312,0.0,0.0,0.0,0,0,0
bounded_staleness,central_bounded,3,domains,100,80,1.0,0.67313,0.0,0.0,0.0,0,0,0
bounded_staleness,central_bounded,4,domains,100,80,1.0,0.710126,0.0,0.0,0.0,0,0,0
bounded_staleness,central_bounded,5,domains,100,80,1.0,0.627691,0.0,0.0,0.0,0,0,0
bounded_staleness,central_bounded,6,domains,100,80,1.0,0.638919,0.0,0.0,0.0,0,0,0
bounded_staleness,central_bounded,7,domains,100,80,1.0,0.601422,0.0,0.0,0.0,0,0,0
bounded_staleness,central_bounded,8,domains,100,80,1.0,0.528296,0.0,0.0,0.0,0,0,0
bounded_staleness,central_bounded,9,domains,100,80,1.0,0.69252,0.0,0.0,0.0,0,0,0
bounded_staleness,central_bounded,10,domains,100,80,1.0,0.548353,0.0,0.0,0.0,0,0,0
bounded_staleness,central_bounded,11,domains,100,80,1.0,0.523395,0.0,0.0,0.0,0,0,0
bounded_staleness,central_bounded,12,domains,100,80,1.0,0.324084,0.0,0.0,0.0,0,0,0
bounded_staleness,central_bounded,13,domains,100,80,1.0,0.554173,0.0,0.0,0.0,0,0,0
bounded_staleness,central_bounded,14,domains,100,80,1.0,0.442228,0.0,0.0,0.0,0,0,0
bounded_staleness,central_bounded,15,domains,100,80,1.0,0.539584,0.0,0.0,0.0,0,0,0
bounded_staleness,central_bounded,16,domains,100,80,1.0,0.623786,0.0,0.0,0.0,0,0,0
bounded_staleness,central_bounded,17,domains,100,80,1.0,0.640642,0.0,0.0,0.0,0,0,0
bounded_staleness,central_bounded,18,domains,100,80,1.0,0.542794,0.0,0.0,0.0,0,0,0
bounded_staleness,central_bounded,19,domains,100,80,1.0,0.775011,0.0,0.0,0.0,0,0,0
